iter,loss,mbox_loss,lr
30,17.6888,16.9965,0.001
530,4.62489,4.17082,0.001
1030,3.93627,4.25654,0.001
1530,3.72132,3.18822,0.001
2030,3.07125,2.67534,0.001
2530,2.79536,2.88902,0.001
3030,2.83769,2.40487,0.001
3530,2.46288,2.22212,0.001
4030,2.47296,1.96147,0.001
4530,2.06172,2.04317,0.001
5030,2.32457,2.5322,0.001
5530,1.84722,1.61925,0.001
6030,2.07083,2.43491,0.001
6530,2.02346,1.4839,0.001
7030,1.80471,1.43813,0.001
7530,1.80917,2.48689,0.001
8030,1.78602,1.29624,0.001
8530,1.88874,2.30577,0.001
9030,1.73535,1.58529,0.001
9530,1.74505,1.84039,0.001
10030,1.65498,1.84764,0.001
10530,1.61641,1.62209,0.001
11030,1.53723,1.52164,0.001
11530,1.53471,1.31715,0.001
12030,1.83217,1.89566,0.001
12530,1.52629,1.18798,0.001
13030,1.54129,1.14794,0.001
13530,1.37638,1.17703,0.001
14030,1.42296,1.3047,0.001
14530,1.39517,0.979284,0.001
15030,1.5856,2.32536,0.001
15530,1.51242,1.4896,0.001
16030,1.27539,1.15538,0.001
16530,1.32999,1.50172,0.001
17030,1.45835,1.10057,0.001
17530,1.29922,0.80099,0.001
18030,1.36028,1.27994,0.001
18530,1.34341,1.22447,0.001
19030,1.34011,1.27291,0.001
19530,1.21377,1.07567,0.001
20030,1.51208,1.41589,0.001
20530,1.27862,1.2109,0.001
21030,1.42023,1.15576,0.001
21530,1.22041,0.882138,0.001
22030,1.27326,1.31938,0.001
22530,1.22474,1.54065,0.001
23030,1.193,1.09938,0.001
23530,1.20491,1.26538,0.001
24030,1.17244,1.53069,0.001
24530,1.27478,1.26617,0.001
25030,1.26432,1.2252,0.001
25530,1.19468,1.35229,0.001
26030,1.21367,0.936706,0.001
26530,1.19099,1.0097,0.001
27030,1.19966,0.919886,0.001
27530,1.20028,1.04321,0.001
28030,1.21686,1.31643,0.001
28530,1.32159,1.65361,0.001
29030,1.3506,1.81242,0.001
29530,1.25606,1.83772,0.001
30030,1.01631,1.42997,0.001
30530,1.13935,1.49542,0.001
31030,1.24766,1.21917,0.001
31530,1.01469,0.974225,0.001
32030,1.16724,1.26208,0.001
32530,1.18859,1.44635,0.001
33030,1.01352,1.12859,0.001
33530,1.09804,0.978943,0.001
34030,1.12343,1.18449,0.001
34530,1.13723,1.20917,0.001
35030,1.21894,1.36595,0.001
35530,1.08625,1.22398,0.001
36030,1.00639,0.919921,0.001
36530,1.08192,1.71928,0.001
37030,1.09347,0.88712,0.001
37530,1.11698,1.05356,0.001
38030,1.22575,0.718328,0.001
38530,1.12809,1.32497,0.001
39030,1.0812,0.921834,0.001
39530,1.09326,1.17304,0.001
40030,0.954157,1.02199,0.001
40530,0.961349,0.841299,0.001
41030,1.1751,1.03555,0.001
41530,1.08787,0.862825,0.001
42030,1.20223,1.19723,0.001
42530,1.03856,0.97442,0.001
43030,1.00959,0.833314,0.001
43530,1.05581,1.30289,0.001
44030,1.04455,1.15255,0.001
44530,1.17632,0.774319,0.001
45030,0.928781,0.982243,0.001
45530,1.14159,1.55198,0.001
46030,1.03427,1.146,0.001
46530,1.03145,0.91346,0.001
47030,0.993574,0.935432,0.001
47530,1.09865,0.847144,0.001
48030,1.18614,1.51199,0.001
48530,1.15008,1.13279,0.001
49030,1.01711,0.962502,0.001
49530,1.04058,0.788945,0.001
50030,1.05216,1.3454,0.001
50530,1.0666,1.1105,0.001
51030,1.05895,1.17522,0.001
51530,0.987184,0.81099,0.001
52030,0.902215,0.911758,0.001
52530,1.03412,1.20557,0.001
53030,1.13,1.15691,0.001
53530,0.86818,1.02348,0.001
54030,1.07237,1.18144,0.001
54530,0.941116,0.947383,0.001
55030,0.966024,0.994141,0.001
55530,1.09998,1.51202,0.001
56030,1.03913,1.00761,0.001
56530,0.970476,0.807183,0.001
57030,1.09472,1.0074,0.001
57530,1.363,0.763937,0.001
58030,1.0162,1.24125,0.001
58530,0.962474,1.01185,0.001
59030,1.06145,0.867528,0.001
59530,1.10885,1.57286,0.001
60030,0.92769,0.815103,0.001
60530,0.978197,1.24114,0.001
61030,1.07452,1.00786,0.001
61530,1.13699,1.00532,0.001
62030,0.924795,0.739201,0.001
62530,1.10215,0.885308,0.001
63030,1.02808,0.968014,0.001
63530,0.994539,2.25871,0.001
64030,1.05553,0.990446,0.001
64530,1.03132,1.16735,0.001
65030,0.915214,0.920387,0.001
65530,0.887966,1.10684,0.001
66030,0.899584,0.785191,0.001
66530,1.03599,1.14525,0.001
67030,0.968981,0.899237,0.001
67530,1.00457,0.877062,0.001
68030,0.891335,0.878242,0.001
68530,0.901623,0.799337,0.001
69030,0.827169,0.848243,0.001
69530,1.09824,0.833346,0.001
70030,0.948151,0.624611,0.001
70530,0.948931,1.14764,0.001
71030,0.955426,0.882857,0.001
71530,1.05558,0.87649,0.001
72030,1.0302,1.1062,0.001
72530,0.957481,0.618998,0.001
73030,0.926039,1.11475,0.001
73530,1.0945,1.00335,0.001
74030,1.07377,1.69661,0.001
74530,0.882724,1.15484,0.001
75030,0.932276,0.823695,0.001
75530,0.955942,1.24185,0.001
76030,1.10542,0.827058,0.001
76530,1.00513,1.02567,0.001
77030,1.01502,0.99343,0.001
77530,0.981944,1.2004,0.001
78030,0.964777,1.03651,0.001
78530,0.937948,0.608468,0.001
79030,0.92577,0.934431,0.001
79530,1.04633,0.767859,0.001
80030,0.981531,1.10366,0.0001
80530,0.878599,1.16598,0.0001
81030,0.817458,0.747891,0.0001
81530,0.755798,0.88073,0.0001
82030,0.790573,0.769302,0.0001
82530,0.852203,0.918474,0.0001
83030,0.776503,0.766623,0.0001
83530,0.803762,0.934839,0.0001
84030,0.843203,1.01608,0.0001
84530,0.889995,0.777282,0.0001
85030,0.801307,0.586877,0.0001
85530,0.850752,0.982149,0.0001
86030,0.941793,1.56214,0.0001
86530,0.950931,1.36389,0.0001
87030,0.839794,0.718729,0.0001
87530,0.783536,1.12485,0.0001
88030,0.78725,0.81547,0.0001
88530,0.771064,0.626384,0.0001
89030,0.912018,0.846747,0.0001
89530,0.785121,0.721905,0.0001
90030,0.888807,0.936989,0.0001
90530,0.76308,0.569205,0.0001
91030,0.792367,1.08071,0.0001
91530,0.810127,0.740115,0.0001
92030,0.849232,0.665154,0.0001
92530,0.791793,0.74134,0.0001
93030,0.750821,0.778401,0.0001
93530,0.835834,1.0637,0.0001
94030,0.712867,0.569313,0.0001
94530,0.889529,0.9595,0.0001
95030,0.846725,0.974914,0.0001
95530,0.832072,0.606203,0.0001
96030,0.86923,0.682038,0.0001
96530,0.869487,0.523181,0.0001
97030,0.750047,0.922728,0.0001
97530,0.861496,1.05522,0.0001
98030,0.652413,0.401122,0.0001
98530,0.867353,0.772132,0.0001
99030,0.842455,0.882635,0.0001
99530,0.732232,0.317999,0.0001
100030,0.714268,0.615413,1.00E-05
100530,0.931822,0.792553,1.00E-05
101030,0.730128,0.714946,1.00E-05
101530,0.739018,0.816033,1.00E-05
102030,0.820716,0.990096,1.00E-05
102530,0.733406,0.967597,1.00E-05
103030,0.952124,1.06791,1.00E-05
103530,0.759004,0.879359,1.00E-05
104030,0.734463,0.574074,1.00E-05
104530,0.900554,0.559315,1.00E-05
105030,0.846629,0.549178,1.00E-05
105530,0.80859,1.21965,1.00E-05
106030,0.724272,0.563975,1.00E-05
106530,0.729075,0.807417,1.00E-05
107030,0.783721,0.769475,1.00E-05
107530,0.700463,0.513734,1.00E-05
108030,0.795177,0.903757,1.00E-05
108530,0.842058,0.833937,1.00E-05
109030,0.832725,1.02039,1.00E-05
109530,0.845254,1.10001,1.00E-05
110030,0.852924,0.795557,1.00E-05
110530,0.737615,0.796963,1.00E-05
111030,0.733764,0.989826,1.00E-05
111530,0.656888,0.504219,1.00E-05
112030,0.796539,0.883826,1.00E-05
112530,0.855927,0.750041,1.00E-05
113030,0.859849,1.28019,1.00E-05
113530,0.905706,1.1726,1.00E-05
114030,0.925706,0.708888,1.00E-05
114530,0.91216,0.733629,1.00E-05
115030,0.818331,1.27579,1.00E-05
115530,0.768232,0.980906,1.00E-05
116030,0.720685,0.781556,1.00E-05
116530,0.720535,0.80773,1.00E-05
117030,0.742482,0.791338,1.00E-05
117530,0.815667,0.57149,1.00E-05
118030,0.858174,0.989145,1.00E-05
118530,0.640251,0.454457,1.00E-05
119030,0.854815,1.10553,1.00E-05
119530,0.876807,0.86134,1.00E-05
120030,0.797927,0.76618,1.00E-06
120530,0.731677,1.00235,1.00E-06
121030,0.68112,0.696975,1.00E-06
121530,0.79695,1.03663,1.00E-06
122030,0.830071,0.82612,1.00E-06
122530,0.771478,1.05326,1.00E-06
123030,1.0113,1.36942,1.00E-06
123530,0.82607,0.566235,1.00E-06
124030,0.94409,0.855024,1.00E-06
124530,0.781975,0.720407,1.00E-06
125030,0.800691,1.12622,1.00E-06
125530,0.869923,0.644675,1.00E-06
126030,0.78311,0.944194,1.00E-06
126530,0.785543,0.894815,1.00E-06
127030,0.695854,0.614272,1.00E-06
127530,0.768895,0.905388,1.00E-06
128030,0.777209,0.811545,1.00E-06
128530,0.805517,1.16062,1.00E-06
129030,0.66416,0.747778,1.00E-06
129530,0.785687,0.683426,1.00E-06
130030,0.887177,0.796958,1.00E-06
130530,0.777344,0.956381,1.00E-06
131030,0.782484,0.781644,1.00E-06
131530,0.704909,0.538113,1.00E-06
132030,0.770732,0.954741,1.00E-06
132530,0.78927,0.663621,1.00E-06
133030,0.775949,0.403148,1.00E-06
133530,0.781396,0.51338,1.00E-06
134030,0.756653,0.671353,1.00E-06
134530,0.782479,0.784029,1.00E-06
135030,0.783091,0.760416,1.00E-06
135530,0.897565,0.706305,1.00E-06
136030,0.72275,0.829246,1.00E-06
136530,0.766061,0.408818,1.00E-06
137030,0.780137,0.744892,1.00E-06
137530,0.739187,0.523108,1.00E-06
138030,0.810419,0.541774,1.00E-06
138530,0.731981,0.587683,1.00E-06
139030,0.774996,0.619985,1.00E-06
139530,0.685404,0.533776,1.00E-06
140030,0.733335,0.794534,1.00E-06
140530,0.730821,0.749075,1.00E-06
141030,0.779944,0.641601,1.00E-06
141530,0.776101,0.594898,1.00E-06
142030,0.654317,0.431551,1.00E-06
142530,0.770084,0.872168,1.00E-06
143030,0.710912,0.619009,1.00E-06
143530,0.819699,0.607484,1.00E-06
144030,0.667948,0.74405,1.00E-06
144530,0.783468,0.638502,1.00E-06
145030,0.724586,0.681345,1.00E-06
145530,0.846725,0.926796,1.00E-06
146030,0.852436,0.745002,1.00E-06
146530,0.701688,0.940793,1.00E-06
147030,0.816936,1.16468,1.00E-06
147530,0.826604,0.710807,1.00E-06
148030,0.754083,1.06415,1.00E-06
148530,0.703701,0.662794,1.00E-06
149030,0.738898,0.578951,1.00E-06
149530,0.758297,0.807684,1.00E-06
150030,0.798223,0.789274,1.00E-06
150530,0.746036,0.715061,1.00E-06
151030,0.641674,0.477162,1.00E-06
151530,0.869436,1.14125,1.00E-06
152030,0.838453,1.19356,1.00E-06
152530,0.720061,0.844113,1.00E-06
153030,0.70829,0.570257,1.00E-06
153530,0.803589,0.864064,1.00E-06
154030,0.837829,0.933765,1.00E-06
154530,0.767389,0.892823,1.00E-06
155030,0.86162,0.801222,1.00E-06
155530,0.762356,0.827927,1.00E-06
156030,1.06139,0.855474,1.00E-06
156530,0.849149,0.873649,1.00E-06
157030,0.87666,0.528729,1.00E-06
157530,0.671889,0.60115,1.00E-06
158030,0.637624,1.24734,1.00E-06
158530,0.774507,1.09013,1.00E-06
159030,0.75818,0.836987,1.00E-06
159530,0.77756,0.924966,1.00E-06
160030,0.744269,1.19407,1.00E-06
160530,0.653401,0.554471,1.00E-06
161030,0.743233,0.691849,1.00E-06
161530,0.748828,0.772949,1.00E-06
162030,0.643509,0.637832,1.00E-06
162530,0.730888,0.747823,1.00E-06
163030,0.677139,0.657627,1.00E-06
163530,0.825467,1.01676,1.00E-06
164030,0.785555,0.700922,1.00E-06
164530,0.757166,0.819237,1.00E-06
165030,0.71218,0.688868,1.00E-06
165530,0.883384,0.767319,1.00E-06
166030,0.887683,1.33184,1.00E-06
166530,0.867012,0.844731,1.00E-06
167030,0.75089,1.06304,1.00E-06
167530,0.74156,0.646441,1.00E-06
168030,0.769792,0.822128,1.00E-06
168530,0.772588,0.655441,1.00E-06
169030,0.780738,0.768428,1.00E-06
169530,0.747239,0.773431,1.00E-06
170030,0.808871,0.870979,1.00E-06
170530,0.796916,0.84196,1.00E-06
171030,0.789669,0.668839,1.00E-06
171530,0.621251,0.818362,1.00E-06
172030,0.813338,0.727158,1.00E-06
172530,0.87967,0.923019,1.00E-06
173030,0.828802,0.849895,1.00E-06
173530,0.800021,1.57992,1.00E-06
174030,0.698198,0.510317,1.00E-06
174530,0.852416,0.553718,1.00E-06
175030,0.892306,0.864946,1.00E-06
175530,0.817054,1.08716,1.00E-06
176030,0.710395,0.599679,1.00E-06
176530,0.714927,0.567299,1.00E-06
177030,0.622932,0.572889,1.00E-06
177530,0.756184,0.858773,1.00E-06
178030,0.773398,0.754297,1.00E-06
178530,0.695778,0.400485,1.00E-06
179030,0.747856,0.820116,1.00E-06
179530,0.792869,0.589268,1.00E-06
180030,0.767615,0.830065,1.00E-06
180530,0.946687,0.876548,1.00E-06
181030,0.838992,0.721855,1.00E-06
181530,0.808147,0.627324,1.00E-06
182030,0.797285,0.842416,1.00E-06
182530,0.699779,0.623395,1.00E-06
183030,0.753595,0.576318,1.00E-06
183530,0.847674,0.628852,1.00E-06
184030,0.714512,0.648958,1.00E-06
184530,0.842294,0.928179,1.00E-06
185030,0.710142,0.688867,1.00E-06
185530,0.844941,0.855295,1.00E-06
186030,0.783502,0.902668,1.00E-06
186530,0.768112,0.608073,1.00E-06
187030,0.887716,0.845224,1.00E-06
187530,0.846565,0.97362,1.00E-06
188030,0.895207,1.20056,1.00E-06
188530,0.887055,0.831459,1.00E-06
189030,0.720026,0.578768,1.00E-06
189530,0.762607,0.575537,1.00E-06
190030,0.736995,0.508091,1.00E-06
190530,0.797939,0.948803,1.00E-06
191030,0.91008,0.622696,1.00E-06
191530,0.731662,0.477983,1.00E-06
192030,0.765013,0.695271,1.00E-06
192530,0.733781,0.600131,1.00E-06
193030,0.825472,0.845498,1.00E-06
193530,0.804102,1.02052,1.00E-06
194030,0.790544,1.0329,1.00E-06
194530,0.802422,1.31982,1.00E-06
195030,0.773191,0.751329,1.00E-06
195530,0.834208,0.645415,1.00E-06
196030,0.761206,0.649342,1.00E-06
196530,0.751488,0.713284,1.00E-06
197030,0.829217,0.835771,1.00E-06
197530,0.838762,0.844103,1.00E-06
198030,0.786889,0.891314,1.00E-06
198530,0.779189,0.953179,1.00E-06
199030,0.824332,0.669822,1.00E-06
199530,0.711113,0.42469,1.00E-06
200030,0.706942,0.795712,1.00E-06
200530,0.800395,0.685554,1.00E-06
201030,0.680541,0.619618,1.00E-06
201530,0.91255,0.99161,1.00E-06
202030,0.746621,0.963317,1.00E-06
202530,0.900524,0.757753,1.00E-06
203030,0.812329,1.10989,1.00E-06
203530,0.913423,0.668777,1.00E-06
204030,0.857304,0.567042,1.00E-06
204530,0.725156,0.960613,1.00E-06
205030,0.827282,0.668306,1.00E-06
205530,0.706119,0.671714,1.00E-06
206030,0.887852,0.883988,1.00E-06
206530,0.705137,0.500428,1.00E-06
207030,0.884418,1.04238,1.00E-06
207530,0.85608,0.756835,1.00E-06
208030,0.911279,0.669604,1.00E-06
208530,0.755961,0.665469,1.00E-06
209030,0.715842,0.60915,1.00E-06
209530,0.735788,0.597022,1.00E-06
210030,0.872276,0.931358,1.00E-06
210530,0.658718,0.467787,1.00E-06
211030,0.745164,0.571408,1.00E-06
211530,0.904609,0.998082,1.00E-06
212030,0.833195,0.814597,1.00E-06
212530,0.801034,0.912545,1.00E-06
213030,0.885229,0.804831,1.00E-06
213530,0.867801,0.545133,1.00E-06
214030,0.918603,0.883466,1.00E-06
214530,0.846601,0.743058,1.00E-06
215030,0.754672,0.592588,1.00E-06
215530,0.807946,0.659472,1.00E-06
216030,0.625289,0.775053,1.00E-06
216530,0.811033,0.78677,1.00E-06
217030,0.856222,0.819994,1.00E-06
217530,0.797683,0.72489,1.00E-06
218030,0.819164,1.02511,1.00E-06
218530,0.820129,1.30144,1.00E-06
219030,0.77463,0.825758,1.00E-06
219530,0.773407,1.14857,1.00E-06
220030,0.804236,0.811462,1.00E-06
220530,0.808088,0.940279,1.00E-06
221030,0.795073,0.768361,1.00E-06
221530,0.702797,0.612947,1.00E-06
222030,0.821638,0.657912,1.00E-06
222530,0.784778,1.20135,1.00E-06
223030,0.80464,0.776832,1.00E-06
223530,0.842291,0.633455,1.00E-06
224030,0.773408,0.67985,1.00E-06
224530,0.743066,0.531566,1.00E-06
225030,0.854387,0.665849,1.00E-06
225530,0.65473,0.525792,1.00E-06
226030,0.762188,0.640633,1.00E-06
226530,0.847744,1.60971,1.00E-06
227030,0.822237,1.11905,1.00E-06
227530,0.719826,0.84253,1.00E-06
228030,0.869054,0.939437,1.00E-06
228530,0.699727,1.05638,1.00E-06
229030,0.708374,0.437544,1.00E-06
229530,0.665433,0.431098,1.00E-06
230030,0.789087,0.651263,1.00E-06
230530,0.852477,0.836166,1.00E-06
231030,0.775864,0.784769,1.00E-06
231530,0.768081,0.817517,1.00E-06
232030,0.723511,0.796426,1.00E-06
232530,0.661584,0.553583,1.00E-06
233030,0.846052,0.610024,1.00E-06
233530,0.822897,0.613804,1.00E-06
234030,0.779471,0.634804,1.00E-06
234530,0.784899,0.829865,1.00E-06
235030,0.836451,0.647359,1.00E-06
235530,0.848347,1.4895,1.00E-06
236030,0.745729,0.597389,1.00E-06
236530,0.830031,0.869114,1.00E-06
237030,0.820157,0.767458,1.00E-06
237530,0.760801,0.630628,1.00E-06
238030,0.71853,0.678326,1.00E-06
238530,0.734323,0.979281,1.00E-06
239030,0.638143,0.784482,1.00E-06
239530,0.8124,0.602611,1.00E-06
240030,0.75048,0.461193,1.00E-06
240530,0.86703,0.878657,1.00E-06
241030,0.963199,0.872602,1.00E-06
241530,0.837709,0.93699,1.00E-06
242030,0.741117,0.548483,1.00E-06
242530,0.800194,1.05706,1.00E-06
243030,0.79495,0.885895,1.00E-06
243530,0.786772,0.711655,1.00E-06
244030,0.700301,0.579026,1.00E-06
244530,0.747086,0.883797,1.00E-06
245030,0.787592,0.870132,1.00E-06
245530,0.780978,0.468553,1.00E-06
246030,0.821135,1.06804,1.00E-06
246530,0.786039,0.841968,1.00E-06
247030,0.753462,0.829223,1.00E-06
247530,0.856753,0.807433,1.00E-06
248030,0.857298,0.792141,1.00E-06
248530,0.623921,0.790448,1.00E-06
249030,0.805762,0.533564,1.00E-06
249530,0.635907,0.569864,1.00E-06
250030,0.73486,1.06802,1.00E-06
250530,0.802008,0.449187,1.00E-06
251030,0.728536,0.637017,1.00E-06
251530,0.780297,1.0199,1.00E-06
252030,0.845729,0.483761,1.00E-06
252530,0.755674,0.778555,1.00E-06
253030,0.743016,0.716364,1.00E-06
253530,0.86868,0.856352,1.00E-06
254030,0.78945,0.713106,1.00E-06
254530,0.715229,0.889059,1.00E-06
255030,0.820506,0.685736,1.00E-06
255530,0.840857,0.744396,1.00E-06
256030,0.841805,0.739749,1.00E-06
256530,0.630163,0.528726,1.00E-06
257030,0.758269,0.621226,1.00E-06
257530,0.759005,0.49584,1.00E-06
258030,0.68592,0.555191,1.00E-06
258530,0.757362,0.539853,1.00E-06
259030,0.791495,0.738253,1.00E-06
259530,0.786193,0.86647,1.00E-06
260030,0.77182,0.973073,1.00E-06
260530,0.687142,0.809264,1.00E-06
261030,0.858248,0.616073,1.00E-06
261530,0.82272,1.63016,1.00E-06
262030,0.704953,0.516511,1.00E-06
262530,0.804706,0.968247,1.00E-06
263030,0.795603,0.466452,1.00E-06
263530,0.773786,0.886392,1.00E-06
264030,0.776801,0.595859,1.00E-06
264530,0.692848,0.58373,1.00E-06
265030,0.78312,0.939055,1.00E-06
265530,0.796499,0.475943,1.00E-06
266030,0.829988,0.569723,1.00E-06
266530,0.762324,0.836668,1.00E-06
267030,0.782464,0.846684,1.00E-06
267530,0.742759,0.910152,1.00E-06
268030,0.731702,0.633803,1.00E-06
268530,0.811654,0.715617,1.00E-06
269030,0.765424,0.904919,1.00E-06
269530,0.807324,0.640826,1.00E-06
270030,0.797907,1.10207,1.00E-06
270530,0.745534,0.678971,1.00E-06
271030,0.825602,1.23985,1.00E-06
271530,0.769757,0.968889,1.00E-06
272030,0.829357,1.21053,1.00E-06
272530,0.729438,0.536853,1.00E-06
273030,0.860137,1.07205,1.00E-06
273530,0.657283,0.61233,1.00E-06
274030,0.74459,0.75619,1.00E-06
274530,0.781434,0.757682,1.00E-06
275030,0.75744,1.19076,1.00E-06
275530,0.782196,0.666694,1.00E-06
276030,0.682095,0.760791,1.00E-06
276530,0.814546,0.523506,1.00E-06
277030,0.841881,0.83435,1.00E-06
277530,0.733117,0.671603,1.00E-06
278030,0.73732,0.851951,1.00E-06
278530,0.673348,0.476265,1.00E-06
279030,0.855875,0.753658,1.00E-06
279530,0.779822,0.552306,1.00E-06
280030,0.754323,0.805882,1.00E-06
280530,0.860211,0.612763,1.00E-06
281030,0.759373,0.965605,1.00E-06
281530,0.8188,0.937757,1.00E-06
282030,0.74072,0.867077,1.00E-06
282530,0.860824,0.884953,1.00E-06
283030,0.75129,0.601296,1.00E-06
283530,0.877323,1.19088,1.00E-06
284030,0.833252,0.642187,1.00E-06
284530,0.901384,1.50243,1.00E-06
285030,0.735896,0.616011,1.00E-06
285530,0.824407,0.596598,1.00E-06
286030,0.766291,0.640394,1.00E-06
286530,0.760021,0.902717,1.00E-06
287030,0.720423,0.645402,1.00E-06
287530,0.778045,0.922024,1.00E-06
288030,0.694824,0.826817,1.00E-06
288530,0.753952,0.864271,1.00E-06
289030,0.86496,1.05497,1.00E-06
289530,0.774807,0.788724,1.00E-06
290030,0.861932,0.651494,1.00E-06
290530,0.808645,1.15255,1.00E-06
291030,0.774713,0.75749,1.00E-06
291530,0.75078,0.665645,1.00E-06
292030,0.756921,0.653106,1.00E-06
292530,0.885098,1.02944,1.00E-06
293030,0.788191,0.8784,1.00E-06
293530,0.726547,0.747833,1.00E-06
294030,0.66092,0.616325,1.00E-06
294530,0.746582,0.585831,1.00E-06
295030,0.748535,0.810928,1.00E-06
295530,0.802376,0.680671,1.00E-06
296030,0.748555,0.92169,1.00E-06
296530,0.778951,0.826567,1.00E-06
297030,0.707894,0.717184,1.00E-06
297530,0.760964,0.785119,1.00E-06
298030,0.778025,1.13084,1.00E-06
298530,0.840272,0.703726,1.00E-06
299030,0.741413,0.945202,1.00E-06
299530,0.759249,0.792218,1.00E-06
300030,0.75738,0.60068,1.00E-06
300530,0.779721,0.554832,1.00E-06
301030,0.769825,0.680973,1.00E-06
301530,0.871883,0.731448,1.00E-06
302030,0.77912,0.774378,1.00E-06
302530,0.859684,1.11288,1.00E-06
303030,0.822015,0.669921,1.00E-06
303530,0.704866,0.786629,1.00E-06
304030,0.711091,0.715916,1.00E-06
304530,0.78452,1.07491,1.00E-06
305030,0.841339,0.582443,1.00E-06
305530,0.743569,0.72807,1.00E-06
306030,0.838166,1.13056,1.00E-06
306530,0.805346,0.574147,1.00E-06
307030,0.783621,0.640898,1.00E-06
307530,0.814746,1.22258,1.00E-06
308030,0.800397,0.795258,1.00E-06
308530,0.878591,0.862696,1.00E-06
309030,0.801957,0.90645,1.00E-06
309530,0.783204,0.718682,1.00E-06
310030,0.712127,0.759046,1.00E-06
310530,0.639071,0.628737,1.00E-06
311030,0.83661,1.41789,1.00E-06
311530,0.760618,0.481492,1.00E-06
312030,0.715643,0.620784,1.00E-06
312530,0.723568,0.602656,1.00E-06
313030,0.779347,0.968289,1.00E-06
313530,0.740991,0.533251,1.00E-06
314030,0.781868,0.549682,1.00E-06
314530,0.753162,0.844744,1.00E-06
315030,0.848358,1.20141,1.00E-06
315530,0.779992,0.892387,1.00E-06
316030,0.823437,1.00587,1.00E-06
316530,0.70519,0.805079,1.00E-06
317030,0.82814,1.57362,1.00E-06
317530,0.82267,0.650817,1.00E-06
318030,0.743029,0.893832,1.00E-06
318530,0.759965,0.931853,1.00E-06
319030,0.96128,0.690061,1.00E-06
319530,0.840391,0.835578,1.00E-06
320030,0.744576,1.15515,1.00E-06
320530,0.850617,0.690843,1.00E-06
321030,0.757093,0.905053,1.00E-06
321530,0.786764,0.799666,1.00E-06
322030,0.691691,0.715311,1.00E-06
322530,0.837232,0.745908,1.00E-06
323030,0.770872,0.705726,1.00E-06
323530,0.724994,1.11006,1.00E-06
324030,0.825646,0.733411,1.00E-06
324530,0.72083,0.639654,1.00E-06
325030,0.803096,0.886133,1.00E-06
325530,0.7397,0.654586,1.00E-06
326030,0.833922,0.852495,1.00E-06
326530,0.773814,1.27295,1.00E-06
327030,0.645897,0.591614,1.00E-06
327530,0.798327,0.851787,1.00E-06
328030,0.882433,0.76645,1.00E-06
328530,0.736166,0.496324,1.00E-06
329030,0.875536,0.981723,1.00E-06
329530,0.872819,0.947582,1.00E-06
330030,0.865871,1.22123,1.00E-06
330530,0.797515,0.599363,1.00E-06
331030,0.784884,0.941963,1.00E-06
331530,0.776133,1.2695,1.00E-06
332030,0.780516,1.17045,1.00E-06
332530,0.837651,0.771913,1.00E-06
333030,0.820944,0.9712,1.00E-06
333530,0.863392,0.877747,1.00E-06
334030,0.638544,0.635629,1.00E-06
334530,0.781483,0.947173,1.00E-06
335030,0.791872,0.82782,1.00E-06
335530,0.753805,0.554352,1.00E-06
336030,0.776991,0.650748,1.00E-06
336530,0.782979,1.07799,1.00E-06
337030,0.756402,0.68824,1.00E-06
337530,0.771046,0.942338,1.00E-06
338030,0.837242,0.6607,1.00E-06
338530,0.776909,0.493147,1.00E-06
339030,0.793049,0.817512,1.00E-06
339530,0.691182,0.544988,1.00E-06
340030,0.816397,0.694937,1.00E-06
340530,0.894494,0.752744,1.00E-06
341030,0.7897,0.758886,1.00E-06
341530,0.731299,0.643363,1.00E-06
342030,0.788418,0.588074,1.00E-06
342530,0.768319,0.919211,1.00E-06
343030,0.757047,0.656451,1.00E-06
343530,0.702971,0.744061,1.00E-06
344030,0.861604,0.895927,1.00E-06
344530,0.778064,0.892977,1.00E-06
345030,0.764887,0.865854,1.00E-06
345530,0.744041,0.755025,1.00E-06
346030,0.932817,0.800044,1.00E-06
346530,0.668203,0.55695,1.00E-06
347030,0.689791,0.574274,1.00E-06
347530,0.735969,0.514565,1.00E-06
348030,0.801775,0.977036,1.00E-06
348530,0.783391,0.407214,1.00E-06
349030,0.794194,0.643688,1.00E-06
349530,0.816122,0.71636,1.00E-06
350030,0.829135,0.669982,1.00E-06
350530,0.788589,0.74121,1.00E-06
351030,0.766689,0.531449,1.00E-06
351530,0.775551,0.553675,1.00E-06
352030,0.769549,0.617698,1.00E-06
352530,0.770659,0.527694,1.00E-06
353030,0.762311,0.569912,1.00E-06
353530,0.781889,0.829049,1.00E-06
354030,0.848993,0.841104,1.00E-06
354530,0.883456,0.735846,1.00E-06
355030,0.743668,0.531739,1.00E-06
355530,0.892197,1.10809,1.00E-06
356030,0.836268,0.890444,1.00E-06
356530,0.715958,0.619157,1.00E-06
357030,0.785083,0.61189,1.00E-06
357530,0.734488,0.827964,1.00E-06
358030,0.79075,0.770935,1.00E-06
358530,0.817166,0.940055,1.00E-06
359030,0.810208,0.835791,1.00E-06
359530,0.923912,1.26553,1.00E-06
360030,0.876724,0.851957,1.00E-06
360530,0.797169,0.786806,1.00E-06
361030,0.72984,0.651266,1.00E-06
361530,0.793646,0.651054,1.00E-06
362030,0.732947,0.497781,1.00E-06
362530,0.705864,0.980037,1.00E-06
363030,0.773542,0.754148,1.00E-06
363530,0.806335,0.791546,1.00E-06
364030,0.804616,0.709628,1.00E-06
364530,0.86431,0.845012,1.00E-06
365030,0.780437,0.860734,1.00E-06
365530,0.779732,0.616059,1.00E-06
366030,0.76131,0.67959,1.00E-06
366530,0.689439,0.605179,1.00E-06
367030,0.810184,1.05,1.00E-06
367530,0.824499,0.640216,1.00E-06
368030,0.749068,0.821499,1.00E-06
368530,0.935501,0.808211,1.00E-06
369030,0.719044,0.510478,1.00E-06
369530,0.943526,0.626215,1.00E-06
370030,0.903355,1.03001,1.00E-06
370530,0.789788,0.789042,1.00E-06
371030,0.719094,1.23857,1.00E-06
371530,0.774908,0.826693,1.00E-06
372030,0.763998,0.680116,1.00E-06
372530,0.718572,0.685019,1.00E-06
373030,0.684423,0.595127,1.00E-06
373530,0.733011,0.714716,1.00E-06
374030,0.789907,0.728741,1.00E-06
374530,0.834935,0.481627,1.00E-06
375030,0.858978,0.727132,1.00E-06
375530,0.799438,0.985067,1.00E-06
376030,0.762208,0.719936,1.00E-06
376530,0.89953,0.781454,1.00E-06
377030,0.763055,0.679177,1.00E-06
377530,0.838095,0.612252,1.00E-06
378030,0.7605,0.56128,1.00E-06
378530,0.749981,1.10384,1.00E-06
379030,0.755425,0.654282,1.00E-06
379530,0.784288,0.899802,1.00E-06
380030,0.822488,0.381786,1.00E-06
380530,0.802603,0.575319,1.00E-06
381030,0.7481,0.469839,1.00E-06
381530,0.765293,0.836257,1.00E-06
382030,0.806908,1.05611,1.00E-06
382530,0.733872,0.52983,1.00E-06
383030,0.824984,0.700848,1.00E-06
383530,0.89346,0.792122,1.00E-06
384030,0.745528,0.564244,1.00E-06
384530,0.726569,0.630146,1.00E-06
385030,0.741894,0.734346,1.00E-06
385530,0.741281,0.533209,1.00E-06
386030,0.71562,0.503167,1.00E-06
386530,0.781355,0.842036,1.00E-06
387030,0.694926,0.708514,1.00E-06
387530,0.732124,0.851909,1.00E-06
388030,0.78849,0.940034,1.00E-06
388530,0.718225,0.715984,1.00E-06
389030,0.821325,1.15138,1.00E-06
389530,0.745715,0.585748,1.00E-06
390030,0.783817,0.945132,1.00E-06
390530,0.720799,0.493104,1.00E-06
391030,0.820749,0.751077,1.00E-06
391530,0.773947,0.629897,1.00E-06
392030,0.819395,0.981788,1.00E-06
392530,0.725765,0.890496,1.00E-06
393030,0.863141,0.569728,1.00E-06
393530,0.779397,0.627599,1.00E-06
394030,0.710359,0.626058,1.00E-06
394530,0.687333,0.628602,1.00E-06
395030,0.725279,0.60575,1.00E-06
395530,0.82594,0.816425,1.00E-06
396030,0.859404,0.923773,1.00E-06
396530,0.6965,0.99546,1.00E-06
397030,0.733527,0.720741,1.00E-06
397530,0.789533,0.857606,1.00E-06
398030,0.723433,0.889086,1.00E-06
398530,0.945155,0.997088,1.00E-06
399030,0.802104,0.82451,1.00E-06
399530,0.870421,0.5809,1.00E-06
400030,0.822687,0.851409,1.00E-06
400530,0.768475,0.669079,1.00E-06
401030,0.833446,0.746076,1.00E-06
401530,0.873406,0.969549,1.00E-06
402030,0.746457,0.764068,1.00E-06
402530,0.743114,0.62246,1.00E-06
403030,0.77805,0.748353,1.00E-06
403530,0.769263,0.831917,1.00E-06
404030,0.751471,0.593372,1.00E-06
404530,0.74434,0.607809,1.00E-06
405030,0.746984,0.897652,1.00E-06
405530,0.682162,0.852934,1.00E-06
406030,0.648903,0.734352,1.00E-06
406530,0.800193,0.515609,1.00E-06
407030,0.823805,0.844489,1.00E-06
407530,0.73435,1.02167,1.00E-06
408030,0.797444,0.968387,1.00E-06
408530,0.733924,0.419945,1.00E-06
409030,0.742269,0.715127,1.00E-06
409530,0.682422,0.721877,1.00E-06
410030,0.745208,0.539616,1.00E-06
410530,0.783769,0.617862,1.00E-06
411030,0.891946,0.906453,1.00E-06
411530,0.782897,0.846894,1.00E-06
412030,0.713115,0.679021,1.00E-06
412530,0.720276,0.789525,1.00E-06
413030,0.744272,0.603255,1.00E-06
413530,0.798071,0.996026,1.00E-06
414030,0.760233,0.573102,1.00E-06
414530,0.731895,0.472766,1.00E-06
415030,0.73971,0.723866,1.00E-06
415530,0.72401,0.60653,1.00E-06
416030,0.748311,0.829154,1.00E-06
416530,0.896472,0.723525,1.00E-06
417030,0.798909,0.973595,1.00E-06
417530,0.799013,0.8233,1.00E-06
418030,0.744246,0.862964,1.00E-06
418530,0.75062,0.841234,1.00E-06
419030,0.828742,1.64524,1.00E-06
419530,0.780841,0.854829,1.00E-06
420030,0.880005,0.867985,1.00E-06
420530,0.873804,0.530252,1.00E-06
421030,0.777783,0.559006,1.00E-06
421530,0.722645,0.638614,1.00E-06